{"cameraMode":{"drawMode":0,"name":"Shaded","section":"Shading Mode"},"sceneLighting":false,"audioPlay":false,"sceneViewState":{"m_AlwaysRefresh":false,"showFog":true,"showSkybox":false,"showFlares":true,"showImageEffects":true,"showParticleSystems":true,"showVisualEffectGraphs":true,"m_FxEnabled":true},"in2DMode":false,"pivot":{"x":-18.531999588012697,"y":0.9240000247955322,"z":20.20199966430664},"rotation":{"x":-0.009339560754597187,"y":-0.6819872260093689,"z":0.017109893262386323,"w":0.7311352491378784},"size":1.5319995880126954,"orthographic":false}